{
  "title": "Card development",
  "visibility": "All",
  "expiry": 4070908800000,
  "isAnonymous": false,
  "isResponseAppended": false,
  "isLocationRequested": false,
  "questions": [
    {
      "title" : "Name",
      "type": "Text"
    },
    {
      "title" : "Gender",
      "type" : "SingleSelect",
      "option" : [
        {
          "title" : "Male"
        },
        {
          "title" : "Female"
        }
      ]
    },
    {
      "title" : "Picture",
      "type" : "AttachmentList"
    }
  ]
}